languagename	Qitem	WikimediaLanguagecode	Wikipedia	WikipedialanguagearticleEnglish	languageISO	languageISO3	languageISO5	languageofficialnational	languageofficialregional	languageofficialsinglecountry	nativeLabel	numbercountriesOfficialorRegional
Afar	Q27811	aa	Afar Wikipedia	https://en.wikipedia.org/wiki/Afar_language	aa	aar				no	afar-af;â€™afar af;afaraf;qafar af	0
Abkhaz	Q5111	ab	Abkhaz Wikipedia	https://en.wikipedia.org/wiki/Abkhaz_language	ab	abk			GE	yes	Ğ°Ò§ÑÑƒĞ° Ğ±Ñ‹Ğ·ÑˆÓ™Ğ°	1
Acehnese	Q27683	ace	Acehnese Wikipedia	https://en.wikipedia.org/wiki/Acehnese_language		ace				no	bahasa aceh;bahsa acÃ¨h	0
Adyghe	Q27776	ady	Adyghe Wikipedia	https://en.wikipedia.org/wiki/Adyghe_language		ady			RU	yes	Ğ°Ğ´Ñ‹Ğ³Ğ°Ğ±Ğ·Ñ;ĞºÓĞ°Ñ…Ñ‹Ğ±Ğ·Ñ;ĞºÓĞ°Ñ… Ğ¿ÑĞ°Ğ»ÑŠÑ;Ğ°Ğ´Ñ‹Ğ³ÑĞ±Ğ·Ñ	1
Afrikaans	Q14196	af	Afrikaans Wikipedia	https://en.wikipedia.org/wiki/Afrikaans	af	afr			ZA	yes	afrikaans	1
Akan language	Q28026	ak	Akan Wikipedia	https://en.wikipedia.org/wiki/Akan_language	ak	aka			GH	yes	akan	1
Alsatian;Alemannic German;Zurich German;Swabian German;Basel German	Q8786;Q131339;Q248682;Q327274;Q359972	als	Alemannic Wikipedia	https://en.wikipedia.org/wiki/Basel_German		gsw;swg				no	elsÃ¤sserditsch;elsÃ¤ssisch;alemannisch;zÃ¼ritÃ¼Ã¼tsch;schwÃ¤bisch;baseldytsch;shqip (shqipÃ«ri)	0
Amharic	Q28244	am	Amharic Wikipedia	https://en.wikipedia.org/wiki/Amharic	am	amh		ET		yes	áŠ áˆ›áˆ­áŠ›	1
Aragonese	Q8765	an	Aragonese Wikipedia	https://en.wikipedia.org/wiki/Aragonese_language	an	arg				no	idioma aragonÃ©s;aragonÃ©s	0
Old English	Q42365	ang	Old English Wikipedia	https://en.wikipedia.org/wiki/Old_English		ang				no	Ã¦nglisc sprÇ£c;old english;englisce sprÇ£c;englisce sprÇ½c;englisce geÃ¾Ã©ode;englisc sprÇ£c;englisc sprÇ½c;englisc sprÃ¦c;englisc spraec;englisc geÃ¾Ã©ode;Ã¦nglisc	0
Arabic	Q13955	ar	Arabic Wikipedia	https://en.wikipedia.org/wiki/Arabic	ar	ara		AE;BH;KM;DJ;DZ;EG;ER;EH;IQ;IL;JO;KW;LB;LY;MA;MR;OM;PS;QA;SA;SD;SO;SY;TD;TN;YE		no	Ø§Ù„Ø¹Ø±Ø¨ÙŠØ©;Ù„ØºØ© Ø¹Ø±Ø¨ÙŠØ©;Ù„ØºØ© Ø¹Ø±Ø¨ÙŠ;Ø¹Ø±Ø¨ÙŠØ©;Ø¹Ø±Ø¨ÙŠ;Ø§Ù„Ù„ØºØ© Ø§Ù„Ø¹Ø±Ø¨ÙŠ	26
Aramaic	Q28602	arc	Aramaic Wikipedia	https://en.wikipedia.org/wiki/Aramaic_language		bjf;tmr;bhn;amw;aii;cld	arc			no	Ü Ü«Ü¢Ü ÜÜªÜ¡ÜÜ	0
Egyptian Arabic	Q29919	arz	Egyptian Arabic Wikipedia	https://en.wikipedia.org/wiki/Egyptian_Arabic		arz				no	Ø§Ù„Ù„ØºÙ‡ Ø§Ù„Ù…ØµØ±ÙŠÙ‡ Ø§Ù„Ø­Ø¯ÙŠØ«Ù‡;Ø§Ù„Ø¹Ø±Ø¨Ù‰ Ø§Ù„Ù…ØµØ±Ù‰;Ø§Ù„Ø¹Ø§Ù…ÙŠÙ‡ Ø§Ù„Ù…ØµØ±ÙŠÙ‡	0
Assamese	Q29401	as	Assamese Wikipedia	https://en.wikipedia.org/wiki/Assamese_language	as	asm			IN	yes	à¦…à¦¸à¦®à§€à¦¯à¦¼à¦¾ à¦­à¦¾à¦·à¦¾;à¦…à¦¸à¦®à§€à¦¯à¦¼à¦¾	1
Asturian	Q29507	ast	Asturian Wikipedia	https://en.wikipedia.org/wiki/Asturian_language		ast			ES	yes	asturianu;llionÃ©s;llingua asturiana;l'asturianu;asturllionÃ©s	1
Atikamekw	Q56590	atj	Atikamekw Wikipedia	https://en.wikipedia.org/wiki/Atikamekw_language		atj				no	atikamekw nehiromowin;atikamekw arimwewin	0
Avar	Q29561	av	Avar Wikipedia	https://en.wikipedia.org/wiki/Avar_language	av	ava			RU	yes	Ğ°Ğ²Ğ°Ñ€ Ğ¼Ğ°Ñ†i;Ğ¼Ğ°Ğ³ÓĞ°Ñ€ÑƒĞ» Ğ¼Ğ°Ñ†Ó;Ğ¼Ğ°Ğ³iĞ°Ñ€ÑƒĞ» Ğ¼Ğ°Ñ†i	1
Aymara	Q4627	ay	Aymara Wikipedia	https://en.wikipedia.org/wiki/Aymara_language	ay	aym		BO		yes	aymar aru;aymara aru	1
Azerbaijani	Q9292	az	Azerbaijani Wikipedia	https://en.wikipedia.org/wiki/Azerbaijani_language	az	aze		AZ	IQ;RU	no	azÉ™rbaycan dili;azÉ™rbaycanca	3
South Azerbaijani	Q3449805	azb	South Azerbaijani Wikipedia	no link		azb				no	azerbaijani	0
Bashkir language	Q13389	ba	Bashkir Wikipedia	https://en.wikipedia.org/wiki/Bashkir_language	ba	bak			RU	yes	Ğ±Ğ°ÑˆÒ¡Ğ¾Ñ€Ñ‚ Ñ‚ĞµĞ»Ğµ	1
Bavarian language	Q29540	bar	Bavarian Wikipedia	https://en.wikipedia.org/wiki/Bavarian_language		bar				no	boarisch	0
Samogitian	Q213434	bat-smg	Samogitian Wikipedia	https://en.wikipedia.org/wiki/Samogitian_dialect		sgs				no	Å¾emaitiu ruoda	0
Central Bikol	Q33284	bcl	Central Bikol Wikipedia	https://en.wikipedia.org/wiki/Central_Bikol_language		bcl				no	bikol sentral;bikol sana	0
Belarusian	Q9091	be	Belarusian Wikipedia	https://en.wikipedia.org/wiki/Belarusian_language	be	bel		BY		yes	Ğ±ĞµĞ»Ğ°Ñ€ÑƒÑĞºĞ°Ñ Ğ¼Ğ¾Ğ²Ğ°;Ğ±ĞµĞ»Ğ°Ñ€ÑƒÑĞºĞ°Ñ	1
TaraÅ¡kievica	Q2087886	be-tarask	TaraÅ¡kievica Wikipedia	https://en.wikipedia.org/wiki/Tara%C5%A1kievica						no	Ñ‚Ğ°Ñ€Ğ°ÑˆĞºĞµĞ²Ñ–Ñ†Ğ°;ĞºĞ»ÑÑÑ‹Ñ‡Ğ½Ñ‹ Ğ¿Ñ€Ğ°Ğ²Ğ°Ğ¿Ñ–Ñ Ğ±ĞµĞ»Ğ°Ñ€ÑƒÑĞºĞ°Ğ¹ Ğ¼Ğ¾Ğ²Ñ‹;ĞºĞ»ÑÑÑ‹Ñ‡Ğ½Ñ‹ Ğ¿Ñ€Ğ°Ğ²Ğ°Ğ¿Ñ–Ñ;Ğ±ĞµĞ»Ğ°Ñ€ÑƒÑĞºĞ°Ñ (Ñ‚Ğ°Ñ€Ğ°ÑˆĞºĞµĞ²Ñ–Ñ†Ğ°) Ğ¼Ğ¾Ğ²Ğ°	0
Bulgarian	Q7918	bg	Bulgarian Wikipedia	https://en.wikipedia.org/wiki/Bulgarian_language	bg	bul		BG		yes	Ğ±ÑŠĞ»Ğ³Ğ°Ñ€ÑĞºĞ¸ ĞµĞ·Ğ¸Ğº;Ğ±ÑŠĞ»Ğ³Ğ°Ñ€ÑĞºĞ¸	1
Bihari languages	Q135305	bh	Bihari Wikipedia	https://en.wikipedia.org/wiki/Bihari_languages	bh	mag;mai;bho	bih			no	à¤¬à¤¿à¤¹à¤¾à¤°à¥€ à¤­à¤¾à¤·à¤¾	0
Bislama	Q35452	bi	Bislama Wikipedia	https://en.wikipedia.org/wiki/Bislama	bi	bis		VU		yes	bislama	1
Banjar	Q33151	bjn	Banjar Wikipedia	https://en.wikipedia.org/wiki/Banjar_language		bjn				no	bahasa banjar	0
Bambara	Q33243	bm	Bambara Wikipedia	https://en.wikipedia.org/wiki/Bambara_language	bm	bam				no	bamanankan;bamanakan	0
Bengali	Q9610	bn	Bengali Wikipedia	https://en.wikipedia.org/wiki/Bengali_language	bn	ben		BD	IN	no	à¦¬à¦¾à¦‚à¦²à¦¾ à¦­à¦¾à¦·à¦¾;à¦¬à¦¾à¦‚à¦²à¦¾	2
Tibetan	Q34271	bo	Tibetan Wikipedia	https://en.wikipedia.org/wiki/Standard_Tibetan	bo	bod			CN	yes	bod skad;à½–à½¼à½‘à¼‹à½¦à¾à½‘à¼‹;à½–à½¼à½‘à¼‹à½¡à½²à½‚à¼;à½–à½¼à½‘à¼‹à½¡à½²à½‚à¼‹;à½–à½¼à½‘à¼‹à½¡à½²à½‚;à½£à¾·à¼‹à½¦à½ à½²à¼‹à½¦à¾à½‘	1
Bishnupriya Manipuri	Q37059	bpy	Bishnupriya Manipuri Wikipedia	https://en.wikipedia.org/wiki/Bishnupriya_Manipuri_language		bpy				no	à¦¬à¦¿à¦·à§à¦£à§à¦ªà§à¦°à¦¿à¦¯à¦¼à¦¾ à¦®à¦£à¦¿à¦ªà§à¦°à§€	0
Breton	Q12107	br	Breton Wikipedia	https://en.wikipedia.org/wiki/Breton_language	br	bre				no	brezhoneg;yezh vrezhonek;peurunvan;kltg	0
Bosnian	Q9303	bs	Bosnian Wikipedia	https://en.wikipedia.org/wiki/Bosnian_language	bs	bos		BA		yes	bosanski jezik;Ğ±Ğ¾ÑĞ°Ğ½ÑĞºĞ¸;Ğ±Ğ¾Ñ.;jezik boÅ¡njaÄkog naroda;bosanski;bos.	1
Buginese	Q33190	bug	Buginese Wikipedia	https://en.wikipedia.org/wiki/Buginese_language		bug				no	á¨…á¨—á¨Œá¨‘ á¨•á¨˜á¨á¨—;á¨…á¨” á¨•á¨˜á¨á¨—;basa ugi	0
Buryat	Q33120	bxr	Buryat Wikipedia	https://en.wikipedia.org/wiki/Buryat_language		bua				no	Ğ±ÑƒÑ€ÑĞ°Ğ´ Ñ…ÑĞ»ÑĞ½;Ğ±ÑƒÑ€ÑĞ°Ğ´-Ğ¼Ğ¾Ğ½Ğ³Ğ¾Ğ» Ñ…ÑĞ»ÑĞ½	0
Catalan	Q7026	ca	Catalan Wikipedia	https://en.wikipedia.org/wiki/Catalan_language	ca	cat		AD	ES	no	catalÃ ;valenciÃ ;llengua catalana;idioma catalÃ 	2
Chavacano	Q33281	cbk-zam	Chavacano Wikipedia	https://en.wikipedia.org/wiki/Chavacano		cbk				no	chavacano;chavacano language;chabacano	0
Min Dong	Q36455	cdo	Min Dong Wikipedia	https://en.wikipedia.org/wiki/Eastern_Min		cdo				no	mÃ¬ng-dÄ•Ì¤ng-ngá¹³Ì„;é–©æ±èª|buc=mÃ¬ng-dÄ•Ì¤ng-ngá¹³Ì„;mÃ¬ng-dÄ•Ì¤ng-uÃ¢	0
Chechen	Q33350	ce	Chechen Wikipedia	https://en.wikipedia.org/wiki/Chechen_language	ce	che			RU	yes	noxÃ§iyn mott;Ğ½Ğ¾Ñ…Ñ‡Ğ¸Ğ¹Ğ½ Ğ¼Ğ¾Ñ‚Ñ‚;Ğ½Ğ¾Ñ…Ñ‡Ğ¸Ğ¹Ğ½	1
Cebuano	Q33239	ceb	Cebuano Wikipedia	https://en.wikipedia.org/wiki/Cebuano_language		ceb			PH	yes	sinugboanon;cebuano;sebwano;sinebwano;pinulongang sugboanon;pinulongang sebwano;pinulongang bol-anon;binol-anon	1
Chamorro	Q33262	ch	Chamorro Wikipedia	https://en.wikipedia.org/wiki/Chamorro_language	ch	cha		GU		yes	chamorro	1
Choctaw	Q32979	cho	Choctaw Wikipedia	https://en.wikipedia.org/wiki/Choctaw_language		cho				no	chahta anumpa	0
Cherokee	Q33388	chr	Cherokee Wikipedia	https://en.wikipedia.org/wiki/Cherokee_language		chr				no	ê®³ê®ƒê­¹ ê­·ê®¼ê®’ê­¿ê®ê®§;ê®³ê®ƒê­¹ ê­¶ê®¼ê®’ê­¿ê®ê®§;cherokee language;ê®³ê®ƒê­¹	0
Cheyenne	Q33265	chy	Cheyenne Wikipedia	https://en.wikipedia.org/wiki/Cheyenne_language		chy				no	tsÃªhesenÃªstsestÃ´tse	0
Central Kurdish	Q36811	ckb	Central Kurdish Wikipedia	https://en.wikipedia.org/wiki/Central_Kurdish		ckb			IQ	yes	Ú©ÙˆØ±Ø¯ÛŒÛŒ Ù†Ø§ÙˆÛ•Ù†Ø¯ÛŒ	1
Corsican	Q33111	co	Corsican Wikipedia	https://en.wikipedia.org/wiki/Corsican_language	co	cos				no	lingua corsa;lingua cÃ³rsa;corsu	0
Cree	Q33390	cr	Cree Wikipedia	https://en.wikipedia.org/wiki/Cree_language	cr	cre				no	áƒá”¨á”¨á¤ áŠá”¨á’§áá“';cree language	0
Crimean Tatar	Q33357	crh	Crimean Tatar Wikipedia	https://en.wikipedia.org/wiki/Crimean_Tatar_language		crh				no	ĞºÑŠÑ‹Ñ€Ñ‹Ğ¼Ñ‚Ğ°Ñ‚Ğ°Ñ€ Ñ‚Ğ¸Ğ»Ğ¸;qÄ±rÄ±m tili;qÄ±rÄ±mtatar tili;ĞºÑŠÑ‹Ñ€Ñ‹Ğ¼ Ñ‚Ğ¸Ğ»Ğ¸	0
Czech	Q9056	cs	Czech Wikipedia	https://en.wikipedia.org/wiki/Czech_language	cs	ces		CZ		yes	ÄeÅ¡tina;ÄeskÃ½ jazyk	1
Kashubian	Q33690	csb	Kashubian Wikipedia	https://en.wikipedia.org/wiki/Kashubian_language		csb			PL	yes	kaszÃ«bsczi jÃ£zÃ«k;kaszÃ«bskÃ´ mÃ²wa	1
Old Church Slavonic	Q35499	cu	Old Church Slavonic Wikipedia	https://en.wikipedia.org/wiki/Old_Church_Slavonic	cu	chu				no	ÑĞ»Ğ¾Ğ²Ñ£Ğ½ÑŒÑĞºÑŠ Ñ©ê™ê™‘ĞºÑŠ;Ñ©Ğ·Ñ‹ĞºÑŠ ÑĞ»Ğ¾Ğ²Ñ£Ğ½ÑŒÑĞºÑŠ;ÑĞ»Ğ¾Ğ²Ñ£ÌĞ½ÑŒÑĞºÑŠ Ñ©ê™ê™‘ÌĞºÑŠ;ÑĞ»Ğ¾Ğ²Ñ£Ğ½ÑŒÑĞºÑŠ Ñ©Ğ·Ñ‹ĞºÑŠ;Ñ†ĞµÑ€ĞºĞ¾Ğ²Ğ½Ğ¾ÑĞ»Ğ¾Ğ²ĞµÌĞ½ÑĞºÑ—Ğ¹	0
Chuvash	Q33348	cv	Chuvash Wikipedia	https://en.wikipedia.org/wiki/Chuvash_language	cv	chv				no	Ñ‡ÄƒĞ²Ğ°Ñˆ Ñ‡Ä•Ğ»Ñ…Ğ¸;Ñ‡Ó‘Ğ²Ğ°Ñˆ Ñ‡Ó—Ğ»Ñ…Ğ¸;Ñ‡ÄƒĞ²Ğ°ÑˆĞ»Ğ°;Ñ‡ÄƒĞ²Ğ°Ñˆ Ñ‡Ä›Ğ»Ñ…Ğ¸	0
Welsh	Q9309	cy	Welsh Wikipedia	https://en.wikipedia.org/wiki/Welsh_language	cy	cym			GB	yes	cymraeg	1
Danish	Q9035	da	Danish Wikipedia	https://en.wikipedia.org/wiki/Danish_language	da	dan		DK		yes	dansk	1
German	Q188	de	German Wikipedia	https://en.wikipedia.org/wiki/German_language	de	deu		AT;BE;CH;DE;LI;LU	DK;PL	no	deutsch;deutsche sprache	8
Dinka	Q56466	din	Dinka Wikipedia	https://en.wikipedia.org/wiki/Dinka_language		din				no	thuÉ”Å‹jÃ¤Å‹;jieng	0
Zazaki	Q10199	diq	Zazaki Wikipedia	https://en.wikipedia.org/wiki/Zaza_language		zza				no	zazaki	0
Lower Sorbian	Q13286	dsb	Lower Sorbian Wikipedia	https://en.wikipedia.org/wiki/Lower_Sorbian_language		dsb				no	dolnoserbÅ¡Ä‡ina;dolnoserbska rÄ›c	0
Doteli language	Q18415595	dty	Doteli Wikipedia	https://en.wikipedia.org/wiki/Doteli_language		dty				no	à¤¡à¥‹à¤Ÿà¥‡à¤²à¥€	0
Maldivian	Q32656	dv	Maldivian Wikipedia	https://en.wikipedia.org/wiki/Maldivian_language	dv	div		MV		yes	Ş‹Ş¨ŞˆŞ¬Ş€Ş¨	1
Dzongkha	Q33081	dz	Dzongkha Wikipedia	https://en.wikipedia.org/wiki/Dzongkha	dz	dzo		BT		yes	à½¢à¾«à½¼à½„à¼‹à½à¼‹;à½¢à¾«à½¼à½„à¼‹à½	1
Ewe	Q30005	ee	Ewe Wikipedia	https://en.wikipedia.org/wiki/Ewe_language	ee	ewe			GH	yes	eÊ‹e;eÊ‹egbe	1
Greek	Q9129	el	Greek Wikipedia	https://en.wikipedia.org/wiki/Greek_language	el	ell	grk	CY;GR		no	ÎµÎ»Î»Î·Î½Î¹ÎºÎ®;ÎµÎ»Î»Î·Î½Î¹ÎºÎ® Î³Î»ÏÏƒÏƒÎ±;ÎµÎ»Î»Î·Î½Î¹ÎºÎ¬	2
Emilian-Romagnol	Q242648	eml	Emilianoâ€“Romagnolo Wikipedia	https://en.wikipedia.org/wiki/Emilian-Romagnol_language		rgn				no	langua emigliÃ¨na-rumagnÃ´la;lÃ©ngua emiliÃ¢na-rumagnÅla;lÃ©ngua emiliÃ na-rumagnÃ²la;emiliÃ n e rumagnÃ²l;emigliÃ n-rumagnÃ´l;emigliÃ n;rumagnol	0
English	Q1860	en	English Wikipedia	https://en.wikipedia.org/wiki/English_language	en	eng		AI;AG;BI;BS;BZ;BM;BB;BW;CA;CM;CK;CX;KY;DM;ER;FJ;FK;FM;GB;GG;GH;GI;GM;GD;GY;HK;IM;IN;IO;IE;JM;JE;KE;KI;KN;LR;LC;LS;MG;MH;MT;MS;MU;MW;NA;NF;NG;NU;NR;PK;PN;PH;PW;PG;RW;SD;SG;SH;SB;SL;SS;SZ;SX;SC;TC;TK;TO;TT;TV;TZ;UG;VC;VG;VU;WS;ZA;ZM;ZW		no	english;english language	78
Esperanto	Q143	eo	Esperanto Wikipedia	https://en.wikipedia.org/wiki/Esperanto	eo	epo				no	esperanto;lingvo internacia;internacia lingvo	0
Spanish	Q1321	es	Spanish Wikipedia	https://en.wikipedia.org/wiki/Spanish_language	es	spa		AR;BO;CL;CO;CR;CU;DO;EC;ES;GQ;GT;HN;NI;PA;PE;PR;PY;SV;UY;VE	US	no	espaÃ±ol;lengua espaÃ±ola;lengua castellana;idioma espaÃ±ol;idioma castellano;es-es;castellano	21
Estonian	Q9072	et	Estonian Wikipedia	https://en.wikipedia.org/wiki/Estonian_language	et	est;ekk		EE		yes	eesti keel;eesti	1
Basque	Q8752	eu	Basque Wikipedia	https://en.wikipedia.org/wiki/Basque_language	eu	eus	euq		ES	yes	euskara;uskera;uskara;euzkera;euskiera;euskera;euskala;eskuera;eskuara;eskoara;eskera;auskera;eskara	1
Extremaduran	Q30007	ext	Extremaduran Wikipedia	https://en.wikipedia.org/wiki/Extremaduran_language		ext				no	lengua estremeÃ±a;estremeÃ±u	0
Persian	Q9168	fa	Persian Wikipedia	https://en.wikipedia.org/wiki/Persian_language	fa	fas		AF;IR		no	ÙØ§Ø±Ø³ÛŒ;ÙØ§Ø±Ø³ÛŒ ØªØ§Ø¬ÛŒÚ©ÛŒ;ØªØ§Ø¬ÛŒÚ©ÛŒ;Ù¾Ø§Ø±Ø³ÛŒ Ø¯Ø±ÛŒ;Ù¾Ø§Ø±Ø³ÛŒ	2
Fula	Q33454	ff	Fula Wikipedia	https://en.wikipedia.org/wiki/Fula_language	ff	ful			SN	yes	fulfulde;pular;pulaar	1
Finnish	Q1412	fi	Finnish Wikipedia	https://en.wikipedia.org/wiki/Finnish_language	fi	fin		FI	SE	no	suomi;suomen kieli	2
VÃµro	Q32762	fiu-vro	Voro Wikipedia	https://en.wikipedia.org/wiki/V%C3%B5ro_language		vro				no	vÃµro kiil	0
Fijian	Q33295	fj	Fijian Wikipedia	https://en.wikipedia.org/wiki/Fijian_language	fj	fij		FJ		yes	vosa vakaviti	1
Faroese	Q25258	fo	Faroese Wikipedia	https://en.wikipedia.org/wiki/Faroese_language	fo	fao		FO		yes	fÃ¸royskt mÃ¡l;fÃ¸royskt	1
French	Q150	fr	French Wikipedia	https://en.wikipedia.org/wiki/French_language	fr	fra		BI;BE;BJ;BF;BL;CF;CA;CH;CI;CM;CD;CG;KM;DJ;DZ;FR;GA;GN;GP;GQ;GF;HT;LU;MF;MC;MG;ML;MQ;MU;YT;NC;NE;PF;RE;RW;SN;PM;SC;SY;TD;TG;TN;VU;WF	IT	no	franÃ§ais;langue de moliÃ¨re;langue franÃ§aise;le franÃ§ais;la langue franÃ§aise	45
Franco-ProvenÃ§al	Q15087	frp	Franco-ProvenÃ§al Wikipedia	https://en.wikipedia.org/wiki/Franco-Proven%C3%A7al_language		frp				no	arpetan;francoprovenÃ§Ã¢l, arpetan, patouÃ¨s	0
North Frisian	Q28224	frr	North Frisian Wikipedia	https://en.wikipedia.org/wiki/North_Frisian_language		frr				no	nuurdfresk;nuurdfriisk spreekwiisen;nordfriisk spriakwiisen	0
Friulian	Q33441	fur	Friulian Wikipedia	https://en.wikipedia.org/wiki/Friulian_language		fur				no	furlan;marilenghe;lenghe furlane	0
West Frisian	Q27175	fy	West Frisian Wikipedia	https://en.wikipedia.org/wiki/West_Frisian_language	fy	fry			NL	yes	frysk;westerlauwerske taal;westerlauwersk-fryske taal;westerlauwersk-frysk;westerlauwersk fryske taal;westerlauwersk frysk;westerlauwersk;fryske taal;west-frysk	1
Irish	Q9142	ga	Irish Wikipedia	https://en.wikipedia.org/wiki/Irish_language	ga	gle		IE	GB	no	an ghaeilge;gaeilge na hÃ©ireann;gaeilge	2
Gagauz	Q33457	gag	Gagauz Wikipedia	https://en.wikipedia.org/wiki/Gagauz_language		gag				no	gagauz dili	0
Gan	Q33475	gan	Gan Chinese Wikipedia	https://en.wikipedia.org/wiki/Gan_Chinese		gan				no	è´›èª	0
Scottish Gaelic	Q9314	gd	Scottish Gaelic Wikipedia	https://en.wikipedia.org/wiki/Scottish_Gaelic	gd	gla			GB	yes	gÃ idhlig na h-alba;gÃ idhlig	1
Galician	Q9307	gl	Galician Wikipedia	https://en.wikipedia.org/wiki/Galician_language	gl	glg			ES	yes	lingua galega;o galegoã€a lingua galega;galego	1
Gilaki	Q33657	glk	Gilaki Wikipedia	https://en.wikipedia.org/wiki/Gilaki_language		glk				no	Ú¯ÙŠÙ„Ú©ÙŠ	0
Guarani	Q35876	gn	Guarani Wikipedia	https://en.wikipedia.org/wiki/Guarani_language	gn	grn		PY		yes	avaÃ±e'áº½;Ã±eâ€™áº½ guaranÃ­;Ã±eâ€™e guaranÃ­;Ã±e'áº½ guarani;guarani Ã±e'áº½	1
Goan Konkani	Q5575236	gom	Goan Konkani Wikipedia	no link		gom				no	goan konkani	0
Gorontalo	Q2501174	gor	Gorontalo Wikipedia	https://en.wikipedia.org/wiki/Gorontalo_language		gor					hulontalo	
Gothic	Q35722	got	Gothic Wikipedia	https://en.wikipedia.org/wiki/Gothic_language		got				no	ğŒ²ğŒ¿ğ„ğ‚ğŒ°ğŒ¶ğŒ³ğŒ°	0
Gujarati	Q5137	gu	Gujarati Wikipedia	https://en.wikipedia.org/wiki/Gujarati_language	gu	guj			IN	yes	àª—à«àªœàª°àª¾àª¤à«€ àª­àª¾àª·àª¾;àª—à«àªœàª°àª¾àª¤à«€	1
Manx	Q12175	gv	Manx Wikipedia	https://en.wikipedia.org/wiki/Manx_language	gv	glv		IM		yes	gaelg	1
Hausa	Q56475	ha	Hausa Wikipedia	https://en.wikipedia.org/wiki/Hausa_language	ha	hau				no	hausa	0
Hakka	Q33375	hak	Hakka Wikipedia	https://en.wikipedia.org/wiki/Hakka_Chinese		hak				no	hak-kÃ¢-ngÃ®;hak-ngÃ®;hak-kÃ¢-fa;hak-kÃ¢ ngÃ®-ngiÃ¨n	0
Hawaiian	Q33569	haw	Hawaiian Wikipedia	https://en.wikipedia.org/wiki/Hawaiian_language		haw			US	yes	â€˜Ålelo hawaiâ€˜i;Ê»Ålelo hawaiÊ»i;Ê»Ålelo hawaiâ€˜i;'Ålelo hawai'i	1
Hebrew	Q9288	he	Hebrew Wikipedia	https://en.wikipedia.org/wiki/Hebrew_language	he	heb		IL		yes	×¢×‘×¨×™×ª;×©×¤×ª ×¢×‘×¨;×¢Ö´×‘Ö°×¨Ö´×™×ª;×œ×©×•×Ÿ ×¢×‘×¨×™×ª;×”×©×¤×” ×”×¢×‘×¨×™×ª;×”×œ×©×•×Ÿ ×”×¢×‘×¨×™×ª;×œ×©×•×Ÿ	1
Hindi	Q1568	hi	Hindi Wikipedia	https://en.wikipedia.org/wiki/Hindi	hi	hin		IN		yes	à¤¹à¤¿à¤¨à¥à¤¦à¥€;à¤¹à¤¿à¤¨à¥à¤¦à¥€ à¤­à¤¾à¤·à¤¾;à¤¹à¤¿à¤‚à¤¦à¥€ à¤­à¤¾à¤·à¤¾;à¤¹à¤¿à¤‚à¤¦à¥€	1
Fiji Hindi	Q46728	hif	Fiji Hindi Wikipedia	https://en.wikipedia.org/wiki/Fiji_Hindi		hif		FJ		yes	fiji hindi;fiji hindi bhasa	1
Hiri Motu	Q33617	ho	Hiri Motu Wikipedia	https://en.wikipedia.org/wiki/Hiri_Motu	ho	hmo		PG		yes	hiri motu	1
Croatian	Q6654	hr	Croatian Wikipedia	https://en.wikipedia.org/wiki/Croatian_language	hr	hrv		BA;HR	AT;RS	no	hrvatski jezik;hrvatski;hrv.	4
Upper Sorbian	Q13248	hsb	Upper Sorbian Wikipedia	https://en.wikipedia.org/wiki/Upper_Sorbian_language		hsb				no	hornjoserbÅ¡Ä‡ina;hornjoserbska rÄ›Ä	0
Haitian Creole	Q33491	ht	Haitian Creole Wikipedia	https://en.wikipedia.org/wiki/Haitian_Creole	ht	hat		HT		yes	kreyÃ²l ayisyen;lang kreyÃ²l ayisyen;crÃ©ole	1
Hungarian	Q9067	hu	Hungarian Wikipedia	https://en.wikipedia.org/wiki/Hungarian_language	hu	hun		HU	AT;RS	no	magyar nyelv;magyar	3
Armenian;Western Armenian;Eastern Armenian	Q8785;Q180945;Q181059	hy	Armenian Wikipedia	https://en.wikipedia.org/wiki/Eastern_Armenian	hy	hye	hyx	AM		yes	Õ°Õ¡ÕµÕ¥Ö€Õ¥Õ¶;Õ¡Ö€Ö‡Õ¥Õ¬Õ¡Õ°Õ¡ÕµÕ¥Ö€Õ¥Õ¶;Õ¡Ö€Õ¥Ö‚Õ¥Õ¬Õ¡Õ°Õ¡ÕµÕ¥Ö€Õ§Õ¶;Õ¡Ö€Ö‡Õ¥Õ¬Õ¡Õ°Õ¡Õµ	1
Herero	Q33315	hz	Herero Wikipedia	https://en.wikipedia.org/wiki/Herero_language	hz	her				no	otsiherero	0
Interlingua	Q35934	ia	Interlingua Wikipedia	https://en.wikipedia.org/wiki/Interlingua	ia	ina				no	interlingua;interlingua de iala	0
Indonesian	Q9240	id	Indonesian Wikipedia	https://en.wikipedia.org/wiki/Indonesian_language	id	ind		ID		yes	bahasa indonesia;indonesia	1
Interlingue	Q35850	ie	Interlingue Wikipedia	https://en.wikipedia.org/wiki/Occidental_language	ie	ile				no	interlingue;occidental	0
Igbo	Q33578	ig	Igbo Wikipedia	https://en.wikipedia.org/wiki/Igbo_language	ig	ibo				no	asá»¥sá»¥ igbo;Ã¬gbo language;igbo language;asá»¥sá»¥ ndi igbo;asusu igbo;igbo	0
Nuosu language	Q34235	ii	Nuosu Wikipedia	https://en.wikipedia.org/wiki/Nuosu_language	ii	iii				no	ê†ˆêŒ ê‰™	0
Inupiat	Q27183	ik	Inupiat Wikipedia	https://en.wikipedia.org/wiki/Inupiaq_language	ik	ipk				no	iÃ±upiatun;inupiat language;iÃ±upiaq uqautchit;iÃ±upiak uqautchit	0
Ilocano	Q35936	ilo	Ilokano Wikipedia	https://en.wikipedia.org/wiki/Ilocano_language		ilo			PH	yes	pagsasao nga ilokano;iluko;iloko;ilocano	1
Ingush	Q33509	inh	Ingush Wikipedia	https://en.wikipedia.org/wiki/Ingush_language		inh			RU	yes	Ğ³ÓĞ°Ğ»Ğ³ÓĞ°Ğ¹ Ğ¼Ğ¾Ñ‚Ñ‚	1
Ido	Q35224	io	Ido Wikipedia	https://en.wikipedia.org/wiki/Ido_language	io	ido				no	ido	0
Icelandic	Q294	is	Icelandic Wikipedia	https://en.wikipedia.org/wiki/Icelandic_language	is	isl		IS		yes	Ã­slenska	1
Italian	Q652	it	Italian Wikipedia	https://en.wikipedia.org/wiki/Italian_language	it	ita		CH;IT;SM	HR	no	italiano;lingua italiana	4
Inuktitut	Q29921	iu	Inuktitut Wikipedia	https://en.wikipedia.org/wiki/Inuktitut	iu	iku			CA	yes	áƒá“„á’ƒá‘á‘á‘¦;áƒá“„á’ƒá‘á‘á‘¦/inuktitut	1
Japanese	Q5287	ja	Japanese Wikipedia	https://en.wikipedia.org/wiki/Japanese_language	ja	jpn	jpx	JP		yes	æ—¥æœ¬èª;ç¾ä»£æ—¥æœ¬èª;ãƒ‹ãƒ›ãƒ³ã‚´;ã«ã»ã‚“ã”	1
Jamaican Patois	Q35939	jam	Jamaican Wikipedia	https://en.wikipedia.org/wiki/Jamaican_Patois		jam				no	jumiekan	0
Lojban	Q36350	jbo	Lojban Wikipedia	https://en.wikipedia.org/wiki/Lojban		jbo				no	la .lojban.;la jbobau	0
Javanese	Q33549	jv	Javanese Wikipedia	https://en.wikipedia.org/wiki/Javanese_language	jv	jav				no	bahasa jawa;ê¦§ê¦±ê¦—ê¦®ê¦¶;ê¦§ê¦±ê¦—ê¦®;ê¦•ê¦«ê¦—ê¦®;cara jawa;basa jawi;basa jawa	0
Georgian	Q8108	ka	Georgian Wikipedia	https://en.wikipedia.org/wiki/Georgian_language	ka	kat		GE		yes	áƒ¥áƒáƒ áƒ—áƒ£áƒšáƒ˜ áƒ”áƒœáƒ;áƒ¥áƒáƒ áƒ—áƒ£áƒšáƒ˜	1
Karakalpak	Q33541	kaa	Karakalpak Wikipedia	https://en.wikipedia.org/wiki/Karakalpak_language		kaa				no	qaraqalpaq tili;qaraqalpaqsha	0
Kabyle	Q35853	kab	Kabyle Wikipedia	https://en.wikipedia.org/wiki/Kabyle_language		kab				no	taqbaylit;teqvaylit;teqbaylit;tazwawt;taqvaylit;taqbaylit âµœâ´°â´¾â´±â´°âµ‰âµâµ‰âµœ	0
Kabardian	Q33522	kbd	Kabardian Wikipedia	https://en.wikipedia.org/wiki/Kabardian_language		kbd			RU	yes	ĞºÑŠÑĞ±ÑÑ€Ğ´ĞµĞ¹	1
Kabiye	Q35475	kbp	Kabiye Wikipedia	https://en.wikipedia.org/wiki/Kabiye_language		kbp				no	kabÉ©yÉ›	0
Klingon	Q10134	tlh	Klingon Wikipedia	https://en.wikipedia.org/wiki/Klingon_language		tlh						
Kongo	Q33702	kg	Kongo Wikipedia	https://en.wikipedia.org/wiki/Kongo_language	kg	kon			CD	yes	kikongo;bandinga ya bakongo	1
Gikuyu	Q33587	ki	Gikuyu Wikipedia	https://en.wikipedia.org/wiki/Kikuyu_language	ki	kik				no	gÄ©kÅ©yÅ©;gigikuyu;gikuyu	0
Kwanyama	Q1405077	kj	Kwanyama Wikipedia	https://en.wikipedia.org/wiki/Kwanyama_dialect	kj	kua				no	kwanyama	0
Kazakh	Q9252	kk	Kazakh Wikipedia	https://en.wikipedia.org/wiki/Kazakh_language	kk	kaz		KZ		yes	Ò›Ğ°Ğ·Ğ°Ò› Ñ‚Ñ–Ğ»Ñ–	1
Greenlandic	Q25355	kl	Greenlandic Wikipedia	https://en.wikipedia.org/wiki/Greenlandic_language	kl	kal		GL	DK	no	kalaallisut	2
Khmer	Q9205	km	Khmer Wikipedia	https://en.wikipedia.org/wiki/Khmer_language	km	khm		KH		yes	á—á¶áŸá¶ááŸ’á˜áŸ‚áš;á—á¶áŸá¶ááŸ’á˜áŸ‚áš|r=phÃ©asa khmÃªr;ááŸ’á˜áŸ‚áš	1
Kannada	Q33673	kn	Kannada Wikipedia	https://en.wikipedia.org/wiki/Kannada	kn	kan			IN	yes	à²•à²¨à³à²¨à²¡;à²•à²¨à³à²¨à²¡ à²­à²¾à²·à³†	1
Korean	Q9176	ko	Korean Wikipedia	https://en.wikipedia.org/wiki/Korean_language	ko	kor		KR;KP	CN	no	í•œêµ­ì–´;ì¡°ì„ ë§	3
Komi-Permyak	Q56318	koi	Komi-Permyak Wikipedia	https://en.wikipedia.org/wiki/Komi-Permyak_language		koi			RU	yes	ĞºĞ¾Ğ¼Ğ¸ ĞºÑ‹Ğ²	1
Kanuri	Q36094	kr	Kanuri Wikipedia	https://en.wikipedia.org/wiki/Kanuri_language	kr	kau				no	kanuri	0
Karachay-Balkar	Q33714	krc	Karachay-Balkar Wikipedia	https://en.wikipedia.org/wiki/Karachay-Balkar_language		krc			RU	yes	qaraÃ§ay-malqar;Ñ‚Ğ°Ñƒ Ñ‚Ğ¸Ğ»;Ğ¼Ğ°Ğ»ĞºÑŠĞ°Ñ€ Ñ‚Ğ¸Ğ»;ĞºÑŠĞ°Ñ€Ğ°Ñ‡Ğ°Ğ¹ Ñ‚Ğ¸Ğ»;ĞºÑŠĞ°Ñ€Ğ°Ñ‡Ğ°Ğ¹-Ğ¼Ğ°Ğ»ĞºÑŠĞ°Ñ€ Ñ‚Ğ¸Ğ»	1
Kashmiri	Q33552	ks	Kashmiri Wikipedia	https://en.wikipedia.org/wiki/Kashmiri_language	ks	kas			IN	yes	Ú©Ù²Ø´ÙØ± Ø²ÙØ¨Ø§Ù†;Ú©Ù²Ø´ÙØ±	1
Ripuarian language	Q32145	ksh	Ripuarian Wikipedia	https://en.wikipedia.org/wiki/Ripuarian_language		ksh				no	ripoarisch;ripoarÄ—sch;kÃ¶lsch	0
Kurdish	Q36368	ku	Kurdish Wikipedia	https://en.wikipedia.org/wiki/Kurdish_languages	ku	kur				no	zimanÃª kurdÃ®;ÙƒÙˆØ±Ø¯ÙŠ, kurdÃ®;zimane kurdÃ®;zimane kurdi;kurdish;kurdi;kurdÃ®	0
Komi-Zyrian	Q34114	kv	Komi Wikipedia	https://en.wikipedia.org/wiki/Komi-Zyrian_language		kpv				no	ĞºĞ¾Ğ¼Ğ¸ ĞºÑ‹Ğ²	0
Cornish	Q25289	kw	Cornish Wikipedia	https://en.wikipedia.org/wiki/Cornish_language	kw	cor				no	kernowek;yeth kernowek;yeth kernewek;tavaz kernuack;tavas kernuak;kernowek, kernewek;kernewek;cornish	0
Kyrgyz	Q9255	ky	Kyrgyz Wikipedia	https://en.wikipedia.org/wiki/Kyrgyz_language	ky	kir		KG		yes	ĞºÑ‹Ñ€Ğ³Ñ‹Ğ· Ñ‚Ğ¸Ğ»Ğ¸;ĞºÑ‹Ñ€Ğ³Ñ‹Ğ·Ñ‡Ğ°	1
Latin	Q397	la	Latin Wikipedia	https://en.wikipedia.org/wiki/Latin	la	lat				no	lingua latina;lingua latÄ«na	0
Ladino	Q36196	lad	Judaeo-Spanish Wikipedia	https://en.wikipedia.org/wiki/Judaeo-Spanish		lad				no	lingua djudeo-espanyola;×œ××“×™× ×•;×’×³××•×“×™×•Ö¾××™×¡×¤×× ×²×œ;ladino;muestro;lingua judeo-espaÃ±ola;djudezmo;djudeoespanyol;djidio	0
Luxembourgish	Q9051	lb	Luxembourgish Wikipedia	https://en.wikipedia.org/wiki/Luxembourgish	lb	ltz		LU		yes	lÃ«tzebuergesch;lÃ«tzebuergesch sprooch;lÃ«tzebuerger sprooch	1
Lak	Q36206	lbe	Lak Wikipedia	https://en.wikipedia.org/wiki/Lak_language		lbe			RU	yes	Ğ»Ğ°ĞºĞºÑƒ Ğ¼Ğ°Ğ·	1
Lezgian	Q31746	lez	Lezgian Wikipedia	https://en.wikipedia.org/wiki/Lezgian_language		lez			RU	yes	Ğ»ĞµĞ·Ğ³Ğ¸ Ñ‡iĞ°Ğ»;Ğ»ĞµĞ·Ğ³Ğ¸ Ñ‡ÓĞ°Ğ»;Ğ»ĞµĞ·Ğ³Ğ¸ Ñ‡Ñ–Ğ°Ğ»	1
Luganda	Q33368	lg	Luganda Wikipedia	https://en.wikipedia.org/wiki/Luganda	lg	lug				no	luganda	0
Limburgish	Q102172	li	Limburgish Wikipedia	https://en.wikipedia.org/wiki/Limburgish_language	li	lim				no	limburgs;limbÃ¶rgs;lÃ¨mburgs;lÃ¨mbÃ¶rgs	0
Lingua Franca Nova	Q146803	lfn	Lingua Franca Nova Wikipedia	https://en.wikipedia.org/wiki/Lingua_Franca_Nova		lfn					lingua franca nova	
Ligurian	Q36106	lij	Ligurian Wikipedia	https://en.wikipedia.org/wiki/Ligurian_(Romance_language)		lij				no	lengoa ligure;lengoa lÃ¬gure	0
Lombard	Q33754	lmo	Lombard Wikipedia	https://en.wikipedia.org/wiki/Lombard_language		lmo				no	lengua lumbarda;lumbÃ rt;lumbart;lumbÃ rd;lumbard;lumbaart;lombart;lombard language;lombard;lingua lumbarda;lingua lombarda;lengualumbarda;lÃ¨ngua lumbÃ rda;lengua lombarda;lengoa lombarda	0
Lingala	Q36217	ln	Lingala Wikipedia	https://en.wikipedia.org/wiki/Lingala	ln	lin			CD	yes	lingÃ¡la;lingala	1
Lao	Q9211	lo	Lao Wikipedia	https://en.wikipedia.org/wiki/Lao_language	lo	lao		LA		yes	àºàº²àºªàº²àº¥àº²àº§;àº¥àº²àº§	1
Northern Luri	Q19933293	lrc	Northern Luri Wikipedia	https://en.wikipedia.org/wiki/Northern_Luri_language		lrc				no	Ù„ÛŠØ±ÛŒ;Ù„ÛŠØ±ÛŒ Ø´ÙˆÙ…Ø§Ù„ÛŒ	0
Lithuanian	Q9083	lt	Lithuanian Wikipedia	https://en.wikipedia.org/wiki/Lithuanian_language	lt	lit		LT	PL	no	lietuviÅ³ kalba;lietuviÅ³	2
Latgalian	Q36212	ltg	Latgalian Wikipedia	https://en.wikipedia.org/wiki/Latgalian_language		ltg				no	latgaÄ¼u volÅ«da;latgalÄ«Å¡u volÅ«da	0
Latvian	Q9078	lv	Latvian Wikipedia	https://en.wikipedia.org/wiki/Latvian_language	lv	lvs;lav		LV		yes	latvieÅ¡u valoda;latvieÅ¡u	1
Maithili	Q36109	mai	Maithili Wikipedia	https://en.wikipedia.org/wiki/Maithili_language		mai	mai		IN	yes	à¤®à¥ˆà¤¥à¤¿à¤²à¥€	1
Banyumasan	Q33219	map-bms	Banyumasan Wikipedia	https://en.wikipedia.org/wiki/Banyumasan_dialect		jav				no	basa banyumasan	0
Moksha	Q13343	mdf	Moksha Wikipedia	https://en.wikipedia.org/wiki/Moksha_language		mdf			RU	yes	Ğ¼Ğ¾ĞºÑˆĞµĞ½ÑŒ ĞºÑĞ»ÑŒ	1
Malagasy	Q7930	mg	Malagasy Wikipedia	https://en.wikipedia.org/wiki/Malagasy_language	mg	mlg		MG		yes	fiteny malagasy;malagasy	1
Marshallese	Q36280	mh	Marshallese Wikipedia	https://en.wikipedia.org/wiki/Marshallese_language	mh	mah		MH		yes	kajin mÌ§ajeÄ¼	1
Meadow Mari	Q3906614	mhr	Meadow Mari Wikipedia	https://en.wikipedia.org/wiki/Meadow_Mari_language		mhr				no	Ğ¾Ğ»Ñ‹ĞºĞ¼Ğ°Ñ€Ğ¸Ğ¹ Ğ¹Ñ‹Ğ»Ğ¼Ğµ;Ğ¾Ğ»Ñ‹Ğº Ğ¼Ğ°Ñ€Ğ¸Ğ¹ Ğ¹Ñ‹Ğ»Ğ¼Ğµ	0
MÄori	Q36451	mi	Maori Wikipedia	https://en.wikipedia.org/wiki/M%C4%81ori_language	mi	mri		NZ		yes	reo mÄori;te reo mÄori;te reo maori;te reo;reo maori;rÄrangi kÄ«waha;rarangi kiwaha	1
Minangkabau	Q13324	min	Minangkabau Wikipedia	https://en.wikipedia.org/wiki/Minangkabau_language		min				no	bahasa minangkabau;Ø¨Ø§Ø³Ùˆ Ù…ÙŠÙ†Ú ÙƒØ§Ø¨Ø§Ùˆ;minangkabau;minang;baso awak;bahaso padang;bahaso minang;padang	0
Macedonian	Q9296	mk	Macedonian Wikipedia	https://en.wikipedia.org/wiki/Macedonian_language	mk	mkd		MK		yes	Ğ¼Ğ°ĞºĞµĞ´Ğ¾Ğ½ÑĞºĞ¸ Ñ˜Ğ°Ğ·Ğ¸Ğº;Ğ¼Ğ°ĞºĞµĞ´Ğ¾Ğ½ÑĞºĞ¸	1
Malayalam	Q36236	ml	Malayalam Wikipedia	https://en.wikipedia.org/wiki/Malayalam	ml	mal			IN	yes	à´®à´²à´¯à´¾à´³à´‚;à´®à´²à´¯à´¾à´³à´­à´¾à´·;à´®à´²à´¯à´¾à´³à´‚ à´­à´¾à´·;à´®à´²à´¯à´¾à´³ à´­à´¾à´·;malayalam language;malayalam	1
Mongolian	Q9246	mn	Mongolian Wikipedia	https://en.wikipedia.org/wiki/Mongolian_language	mn	mon		MN	CN	no	Ğ¼Ğ¾Ğ½Ğ³Ğ¾Ğ» Ñ…ÑĞ»;á ®á £á ¨á ­á ­á £á ¯ á ¬á ¡á ¯á ¡;Ğ¼Ğ¾Ğ½Ğ³Ğ¾Ğ»	2
Moldovan	Q36392	mo	Moldovan Wikipedia	https://en.wikipedia.org/wiki/Moldovan_language	mo	ron				no	Ğ»Ğ¸Ğ¼Ğ±Ğ° Ğ¼Ğ¾Ğ»Ğ´Ğ¾Ğ²ĞµĞ½ÑÑĞºÑ;limba moldoveneascÄƒ	0
Marathi	Q1571	mr	Marathi Wikipedia	https://en.wikipedia.org/wiki/Marathi_language	mr	mar			IN	yes	à¤®à¤°à¤¾à¤ à¥€;à¤®à¤°à¤¾à¤ à¥€ à¤­à¤¾à¤·à¤¾	1
Hill Mari language	Q1776032	mrj	Hill Mari Wikipedia	https://en.wikipedia.org/wiki/Hill_Mari_language		mrj				no	Ğ¼Ğ°Ñ€Ñ‹ Ğ¹Ó¹Ğ»Ğ¼Ó¹;ĞºÑ‹Ñ€Ñ‹Ğº Ğ¼Ğ°Ñ€Ñ‹ Ğ¹Ñ‹Ğ»Ğ¼Ñ‹	0
Malaysian;Malay	Q15065;Q9237	ms	Malay Wikipedia	https://en.wikipedia.org/wiki/Malay_language	ms	zsm;msa		BN;MY;SG		no	bahasa melayu;bahasa bahasa melayu	3
Maltese	Q9166	mt	Maltese Wikipedia	https://en.wikipedia.org/wiki/Maltese_language	mt	mlt		MT		yes	lingwa maltija;malti	1
Muscogee	Q523014	mus	Muscogee Wikipedia	https://en.wikipedia.org/wiki/Muscogee_language		mus				no	mvskoke	0
Mirandese	Q13330	mwl	Mirandese Wikipedia	https://en.wikipedia.org/wiki/Mirandese_language		mwl				no	lhÃ©ngua mirandesa;mirandÃ©s;lÃ©ngua mirandesa	0
Burmese	Q9228	my	Burmese Wikipedia	https://en.wikipedia.org/wiki/Burmese_language	my	mya		MM		yes	á€™á€¼á€”á€ºá€™á€¬á€˜á€¬á€á€¬á€…á€€á€¬á€¸;á€™á€¼á€”á€ºá€™á€¬á€˜á€¬á€á€¬;á€—á€™á€¬	1
Erzya	Q29952	myv	Erzya Wikipedia	https://en.wikipedia.org/wiki/Erzya_language		myv			RU	yes	ÑÑ€Ğ·ÑĞ½ÑŒ ĞºĞµĞ»ÑŒ	1
Mazanderani	Q13356	mzn	Mazanderani Wikipedia	https://en.wikipedia.org/wiki/Mazanderani_language		mzn				no	Ù…Ø§Ø²Ø±ÙˆÙ†ÛŒ Ø²Ø¨ÙˆÙ†;Ù…Ø§Ø²Ø±ÙˆÙ†ÛŒ	0
Nauruan	Q13307	na	Nauru Wikipedia	https://en.wikipedia.org/wiki/Nauruan_language	na	nau		NR		yes	dorerin naoero	1
Nahuatl	Q13300	nah	Nahuatl Wikipedia	https://en.wikipedia.org/wiki/Nahuatl			nah			no	nÄhuatl;mÄ“xihcÄtlahtÅlli;nÄhuatlahtÅlli	0
Southern Min	Q36495	nan	Min Nan Wikipedia	https://en.wikipedia.org/wiki/Southern_Min		nan				no	bÃ¢n-lÃ¢m-gÃº;minnan;holo;hÅ-lÃ³-Åe;hÃ´-lÃ³-oÄ“;hÅ-lÃ³-gÃ­;banlamgu;bÃ¢n-lÃ¢m-Åe;bÃ¢n-lÃ¢m-oÄ“;bÃ¢n-lÃ¢m-gÃ­;é–©å—èª;hok-kiÃ n-oÄ“	0
Neapolitan	Q33845	nap	Neapolitan Wikipedia	https://en.wikipedia.org/wiki/Neapolitan_language		nap				no	lengua napulitana;nnapulitano;nnapuletano;napulitano;napuletano;napoletano;lingua napoletana	0
Low Saxon	Q168446	nds	PlattdÃ¼Ã¼tsch Wikipedia	https://en.wikipedia.org/wiki/West_Low_German		nds				no	niedersÃ¤chsisch;nedersassisch	0
Dutch Low Saxon	Q516137	nds-nl	Dutch Low Saxon Wikipedia	https://en.wikipedia.org/wiki/Dutch_Low_Saxon		nds-nl				no	nederlaands leegsaksies;nederlaands-nedersaksies	0
Nepali	Q33823	ne	Nepali Wikipedia	https://en.wikipedia.org/wiki/Nepali_language	ne	nep		NP	IN	no	à¤¨à¥‡à¤ªà¤¾à¤²à¥€ à¤­à¤¾à¤·à¤¾;nepali language;à¤¨à¥‡à¤ªà¤¾à¤²à¥€	2
Nepal Bhasa	Q33979	new	Nepal Bhasa Wikipedia	https://en.wikipedia.org/wiki/Newar_language		new				no	à¤¨à¥‡à¤ªà¤¾à¤²à¤­à¤¾à¤·à¤¾;à¤¨à¥‡à¤µà¤¾ à¤­à¤¾à¤¯à¥;à¤¨à¥‡à¤ªà¤¾à¤² à¤­à¤¾à¤·à¤¾;nepal bhasa wikipedia	0
Ndonga	Q33900	ng	Ndonga Wikipedia	https://en.wikipedia.org/wiki/Ndonga_dialect	ng	ndo				no	ndonga	0
Dutch	Q7411	nl	Dutch Wikipedia	https://en.wikipedia.org/wiki/Dutch_language	nl	nld		AW;BE;BQ;CW;NL;SR;SX		no	nederlands	7
Nynorsk;HÃ¸gnorsk	Q25164;Q1420587	nn	Nynorsk Wikipedia	https://en.wikipedia.org/wiki/H%C3%B8gnorsk	nn	nno		NO		yes	nynorsk;norsk nynorsk;norsk (nynorsk);hÃ¸gnorsk;hÃ¸gnorskt;hÃ¸gnorske;hÃ¸gnorska;hognorsk	1
BokmÃ¥l	Q25167	no	Norwegian Wikipedia	https://en.wikipedia.org/wiki/Bokm%C3%A5l	nb	nob		NO;SJ		no	bokmÃ¥l;norsk bokmÃ¥l (norge)	2
Novial	Q36738	nov	Novial Wikipedia	https://en.wikipedia.org/wiki/Novial		nov				no	novial;novial lingue	0
Norman	Q33850	nrm	Norman Wikipedia	https://en.wikipedia.org/wiki/Norman_language		nrf				no	normaund;nouormand;normand	0
Northern Sotho	Q33890	nso	Northern Sotho Wikipedia	https://en.wikipedia.org/wiki/Northern_Sotho_language		nso			ZA	yes	sepedi	1
Navajo	Q13310	nv	Navajo Wikipedia	https://en.wikipedia.org/wiki/Navajo_language	nv	nav				no	dinÃ© bizaad	0
Chewa	Q33273	ny	Chewa Wikipedia	https://en.wikipedia.org/wiki/Chewa_language	ny	nya		MW		yes	chilankhulo cha chichewa;chicheÅµa;chichewa;chi-chewa	1
Occitan	Q14185	oc	Occitan Wikipedia	https://en.wikipedia.org/wiki/Occitan_language	oc	oci				no	occitan;lenga d'Ã²c;langue d'oc;l'occitan;provenÃ§al	0
Livvi-Karelian	Q36584	olo	Livvi-Karelian Wikipedia	https://en.wikipedia.org/wiki/Livvi-Karelian_language		olo				no	livvinkarjala	0
Oromo	Q33864	om	Oromo Wikipedia	https://en.wikipedia.org/wiki/Oromo_language	om	orm				no	afaan oromoo;afan oromo;afaan oromo;oromoo	0
Odia	Q33810	or	Odia Wikipedia	https://en.wikipedia.org/wiki/Odia_language	or	ori			IN	yes	à¬“à¬¡à¬¼à¬¿à¬† à¬­à¬¾à¬·à¬¾;à¬“à¬¡à¬¿à¬† à¬­à¬¾à¬·à¬¾;à¬“à¬¡à¬¼à¬¿à¬†	1
Ossetian	Q33968	os	Ossetian Wikipedia	https://en.wikipedia.org/wiki/Ossetian_language	os	oss			GE	yes	Ğ¸Ñ€Ğ¾Ğ½ Ã¦Ğ²Ğ·Ğ°Ğ³;Ğ»Ğ¸Ñ‚ĞµÑ€Ğ°Ñ‚ÑƒÑ€Ğ¾Ğ½ Ğ¸Ñ€Ğ¾Ğ½ Ã¦Ğ²Ğ·Ğ°Ğ³;Ğ¸Ñ€Ğ¾Ğ½Ğ°Ñƒ;Ğ¸Ñ€Ğ¾Ğ½	1
Punjabi	Q58635	pa	Punjabi (Eastern) Wikipedia	https://en.wikipedia.org/wiki/Punjabi_language	pa	pan;pnb			IN	yes	à¨ªà©°à¨œà¨¾à¨¬à©€;à¨ªà©°à¨œà¨¾à¨¬à©€/Ù¾Ù†Ø¬Ø§Ø¨ÛŒ;à¨ªà©°à¨œà¨¾à¨¬à©€ à¨­à¨¾à¨¸à¨¼à¨¾;à¨ªà©°à¨œà¨¾à¨¬à©€ à¨¬à©‹à¨²à©€;à¨—à©à¨°à¨®à©à¨–à©€;punjabi;panjabi;Ù¾Ù†Ø¬Ø§Ø¨ÛŒ	1
Pangasinan	Q33879	pag	Pangasinan Wikipedia	https://en.wikipedia.org/wiki/Pangasinan_language		pag			PH	yes	selitan pangasinan;salitay pangasinan;pangasinan language	1
Kapampangan	Q36121	pam	Kapampangan Wikipedia	https://en.wikipedia.org/wiki/Kapampangan_language		pam				no	kapampangan;amanung sisuan;amanung kapampangan	0
Papiamento	Q33856	pap	Papiamento Wikipedia	https://en.wikipedia.org/wiki/Papiamento		pap		AW		yes	papiamentu;papiamento;idioma papiamentu;historia di papimentu	1
Picard	Q34024	pcd	Picard Wikipedia	https://en.wikipedia.org/wiki/Picard_language		pcd				no	picard	0
Pennsylvania German	Q22711	pdc	Pennsylvania German Wikipedia	https://en.wikipedia.org/wiki/Pennsylvania_German_language		pdc				no	pennsylvania dutch;pennsylvania german;pennsylvaanisch-deitsch;pennsilfaanisch;dutch;deitsch;pennsilfaanisch deitsch	0
Palatinate German	Q23014	pfl	Palatinate German Wikipedia	https://en.wikipedia.org/wiki/Palatine_German_language		pfl				no	pÃ¤lzisch;pfÃ¤lzisch;pÃ¤lzische sprooch	0
Pali	Q36727	pi	Pali Wikipedia	https://en.wikipedia.org/wiki/Pali	pi	pli				no	pÄá¸·i;à¤ªà¤¾à¤²à¤¿	0
Norfuk	Q33797	pih	Norfolk Wikipedia	https://en.wikipedia.org/wiki/Norfuk_language		pih				no	norfuk	0
Polish	Q809	pl	Polish Wikipedia	https://en.wikipedia.org/wiki/Polish_language	pl	pol		PL		yes	jÄ™zyk polski;polszczyzna;polski	1
Piedmontese	Q15085	pms	Piedmontese Wikipedia	https://en.wikipedia.org/wiki/Piedmontese_language		pms				no	lenga piemontÃ¨isa	0
Lahnda languages	Q1334774	pnb	Punjabi (Western) Wikipedia	https://en.wikipedia.org/wiki/Lahnda		lah				no	lahndi	0
Pontic Greek	Q36748	pnt	Pontic Greek Wikipedia	https://en.wikipedia.org/wiki/Pontic_Greek		pnt				no	Ï€Î¿Î½Ï„Î¹Î±ÎºÏŒÎ½ Î»Î±Î»Î¯Î±Î½;Ï€Î¿Î½Ï„Î¹Î±ÎºÏŒÎ½ Î³Î»ÏÏƒÏƒÎ±;Ï€Î¿Î½Ï„Î¹Î±ÎºÎ® Î´Î¹Î¬Î»ÎµÎºÏ„Î¿Ï‚;Ï€Î¿Î½Ï„Î¹Î±ÎºÎ¬;pontic greek	0
Pashto	Q58680	ps	Pashto Wikipedia	https://en.wikipedia.org/wiki/Pashto	ps	pus		AF		yes	Ù¾ÚšØªÙˆ Ú˜Ø¨Ù‡;Ù¾ÚšØªÙˆ	1
Portuguese	Q5146	pt	Portuguese Wikipedia	https://en.wikipedia.org/wiki/Portuguese_language	pt	por		AO;BR;CV;GW;GQ;MO;MZ;PT;ST;TL		no	portuguÃªs;linguagem portuguesa;lÃ­ngua portuguesa;idioma portuguÃªs	10
Southern Quechua	Q36806	qu	Quechua Wikipedia	https://en.wikipedia.org/wiki/Southern_Quechua		qxo				no	urin qichwa;uralan runasimi;uralan runa simi;uralan qhichwa;qusqu-qullaw allin qillqay;qusqu qullaw allin qillqay;chanka-qusqu-qullaw allin qillqay;chanka qusqu qullaw allin qillqay;chanka qusqu qullaw;qhichwa;qichwa;runasimi	0
Romansh	Q13199	rm	Romansh Wikipedia	https://en.wikipedia.org/wiki/Romansh_language	rm	roh			CH	yes	rumantsch dal grischun;rumantsch	1
Romani	Q13201	rmy	Romani Wikipedia	https://en.wikipedia.org/wiki/Romani_language		rom				no	romani chib	0
Kirundi	Q33583	rn	Kirundi Wikipedia	https://en.wikipedia.org/wiki/Kirundi	rn	run		BI		yes	ikirundi;kirundi	1
Romanian	Q7913	ro	Romanian Wikipedia	https://en.wikipedia.org/wiki/Romanian_language	ro	ron		MD;RO	RS	no	limba romÃ¢nÄƒ;romÃ¢nÄƒ;moldoveneascÄƒ	3
Aromanian	Q29316	roa-rup	Aromanian Wikipedia	https://en.wikipedia.org/wiki/Aromanian_language		rup				no	armÃ£neashce;limba armÃ£neascÃ£	0
Tarantino	Q695526	roa-tara	Tarantino Wikipedia	https://en.wikipedia.org/wiki/Tarantino_dialect						no	tarandine;tarantino language;tarantino;tarandÃ­ne;dialetto tarantino;dialette tarandÃ­ne;dialette tarandine	0
Russian	Q7737	ru	Russian Wikipedia	https://en.wikipedia.org/wiki/Russian_language	ru	rus		BY;KZ;KG;RU		no	Ñ€ÑƒÑÑĞºĞ¸Ğ¹ ÑĞ·Ñ‹Ğº;Ğ²ĞµĞ»Ğ¸ĞºĞ¾Ñ€ÑƒÑÑĞºĞ¸Ğ¹ ÑĞ·Ñ‹Ğº;Ñ€ÑƒÑÑĞºĞ¸Ğ¹	4
Rusyn	Q26245	rue	Rusyn Wikipedia	https://en.wikipedia.org/wiki/Rusyn_language		rue				no	Ñ€ÑƒÑĞ¸Ğ½ÑŒÑĞºÑ‹Ğ¹ ÑĞ·Ñ‹Ğº	0
Kinyarwanda	Q33573	rw	Kinyarwanda Wikipedia	https://en.wikipedia.org/wiki/Kinyarwanda	rw	kin		RW		yes	ikinyarwanda;kinyarwanda	1
Sanskrit	Q11059	sa	Sanskrit Wikipedia	https://en.wikipedia.org/wiki/Sanskrit	sa	san			IN	yes	à¤¸à¤‚à¤¸à¥à¤•à¥ƒà¤¤à¤®à¥;à¤¸à¤‚à¤¸à¥à¤•à¥ƒà¤¤à¤¾ à¤µà¤¾à¤•à¥	1
Sakha	Q34299	sah	Sakha Wikipedia	https://en.wikipedia.org/wiki/Yakut_language		sah			RU	yes	ÑĞ°Ñ…Ğ° Ñ‚Ñ‹Ğ»Ğ°	1
Sardinian	Q33976	sc	Sardinian Wikipedia	https://en.wikipedia.org/wiki/Sardinian_language	sc	srd				no	limba sarda;lingua sarda;sardu	0
Sicilian	Q33973	scn	Sicilian Wikipedia	https://en.wikipedia.org/wiki/Sicilian_language		scn				no	lingua siciliana;sicilianuã€lingua siciliana;lincua siciliana	0
Scots	Q14549	sco	Scots Wikipedia	https://en.wikipedia.org/wiki/Scots_language		sco				no	scots;scots leid	0
Sindhi	Q33997	sd	Sindhi Wikipedia	https://en.wikipedia.org/wiki/Sindhi_language	sd	snd			IN	yes	Ø³Ù†ÚŒÙŠ Ù»ÙˆÙ„ÙŠ;Ø³Ù†ÚŒÙŠ	1
Northern Sami	Q33947	se	Northern Sami Wikipedia	https://en.wikipedia.org/wiki/Northern_Sami	se	sme			NO	yes	davvisÃ¡megiella;sÃ¡megiella	1
Sango	Q33954	sg	Sango Wikipedia	https://en.wikipedia.org/wiki/Sango_language	sg	sag		CF		yes	sÃ¤ngÃ¶	1
Serbo-Croatian	Q9301	sh	Serbo-Croatian Wikipedia	https://en.wikipedia.org/wiki/Serbo-Croatian		hbs				no	srpskohrvatski jezik;srpskohrvatski / ÑÑ€Ğ¿ÑĞºĞ¾Ñ…Ñ€Ğ²Ğ°Ñ‚ÑĞºĞ¸	0
Sinhala	Q13267	si	Sinhala Wikipedia	https://en.wikipedia.org/wiki/Sinhalese_language	si	sin		LK		yes	à·ƒà·’à¶‚à·„à¶½ à¶·à·à·‚à·à·€;à·ƒà·’à¶‚à·„à¶½	1
Basic English	Q26746	simple	Simple English Wikipedia	https://en.wikipedia.org/wiki/Basic_English		eng				no	english	0
Slovak	Q9058	sk	Slovak Wikipedia	https://en.wikipedia.org/wiki/Slovak_language	sk	slk		SK	RS	no	slovenÄina;slovenskÃ½ jazyk	2
Slovene	Q9063	sl	Slovene Wikipedia	https://en.wikipedia.org/wiki/Slovene_language	sl	slv		SI	AT	no	slovenÅ¡Äina;slovenski jezik, slovenÅ¡Äina;slovenski jezik	2
Samoan	Q34011	sm	Samoan Wikipedia	https://en.wikipedia.org/wiki/Samoan_language	sm	smo		AS;WS		no	gagana fa'a sÄmoa;gagana sÄmoa;gagana samoa;gagana faÊ¼a samoa;gagana faasamoa;gagana fa'a samoa	2
Shona	Q34004	sn	Shona Wikipedia	https://en.wikipedia.org/wiki/Shona_language	sn	sna		ZW		yes	chishona	1
Somali	Q13275	so	Somali Wikipedia	https://en.wikipedia.org/wiki/Somali_language	so	som		SO		yes	af-soomaali;soomaali	1
Albanian	Q8748	sq	Albanian Wikipedia	https://en.wikipedia.org/wiki/Albanian_language	sq	sqi	sqj	AL	MK	no	gjuha shqipe;shqipja;shqip	2
Serbian	Q9299	sr	Serbian Wikipedia	https://en.wikipedia.org/wiki/Serbian_language	sr	srp		BA;RS		no	srpski jezik;ÑÑ€Ğ¿.;ÑÑ€Ğ¿ÑĞºĞ¸ Ñ˜ĞµĞ·Ğ¸Ğº;ÑÑ€Ğ¿ÑĞºĞ¸	2
Siberian language	Q1194341	ru-sib	Siberian Wikipedia	no link							ÑĞ¸Ğ±Ğ¸Ñ€ÑĞºĞ¾Ğ¹	
Sranan tongo	Q33989	srn	Sranan Wikipedia	https://en.wikipedia.org/wiki/Sranan_Tongo		srn				no	sranantongo;sranan tongo	0
Swazi	Q34014	ss	Swazi Wikipedia	https://en.wikipedia.org/wiki/Swazi_language	ss	ssw		SZ	ZA	no	siswati;yeyeza;thithiza;tekeza;tekela;swazi;swati;siswazi;seswati;phuthi;isiswazi	2
Sotho	Q34340	st	Sotho Wikipedia	https://en.wikipedia.org/wiki/Sotho_language	st	sot		LS	ZA	no	sesotho	2
Saterland Frisian	Q27154	stq	Saterland Frisian Wikipedia	https://en.wikipedia.org/wiki/Saterland_Frisian_language		stq				no	seeltersk;seelterfrÃ¤iske	0
Sundanese	Q34002	su	Sundanese Wikipedia	https://en.wikipedia.org/wiki/Sundanese_language	su	sun				no	bahasa sunda;basa sunda	0
Swedish	Q9027	sv	Swedish Wikipedia	https://en.wikipedia.org/wiki/Swedish_language	sv	swe		AX;FI;SE		no	svenska	3
Swahili	Q7838	sw	Swahili Wikipedia	https://en.wikipedia.org/wiki/Swahili_language	sw	swa		KE;TZ;UG	CD	no	kiswahili	4
Silesian	Q30319	szl	Silesian Wikipedia	https://en.wikipedia.org/wiki/Silesian_language		szl				no	Å›lÅ¯nsko godka;Å›lÅ¯nsko Å™eÄ;Å›lÅ¯nsko mowa;Å›lÅ¯nsko mouwa;slunsko godka;Å›lÅ¯nski;Å›lÅ¯nske Å™Å¯ndzyÅ„y;pÅ¯ noÅ¡ymu;pÅ¯ naÅ¡ymu;gwara Å›lÅ¯nsko;gÅ¯rnoÅ›lÅ¯nsko godka;djalykt Å›lÅ¯nski;Å›lÅnskÅ gÅdka	0
Tamil	Q5885	ta	Tamil Wikipedia	https://en.wikipedia.org/wiki/Tamil_language	ta	tam		LK;SG	IN	no	à®¤à®®à®¿à®´à¯;à®¤à®®à®¿à®´à¯ à®®à¯Šà®´à®¿	3
Tulu	Q34251	tcy	Tulu Wikipedia	https://en.wikipedia.org/wiki/Tulu_language		tcy				no	à²¤à³à²³à³;à²¤à³à²³à³ à²­à²¾à²·à³†	0
Telugu	Q8097	te	Telugu Wikipedia	https://en.wikipedia.org/wiki/Telugu_language	te	tel			IN	yes	à°¤à±†à°²à±à°—à±;à°¤à±†à°²à±à°—à± à°­à°¾à°·;à°¤à±†à°²à±à°à°—à±;à°¤à±†à°¨à±à°—à±;à°†à°‚à°§à±à°° à°­à°¾à°·;à°†à°‚à°§à±à°°à°‚	1
Tetum	Q34125	tet	Tetum Wikipedia	https://en.wikipedia.org/wiki/Tetum_language		tet		TL		yes	bahasa tetum;tetun;tetum language;lian tetun;lia tetun	1
Tajik	Q9260	tg	Tajik Wikipedia	https://en.wikipedia.org/wiki/Tajik_language	tg	tgk		TJ		yes	Ğ·Ğ°Ğ±Ğ¾Ğ½Ğ¸ Ñ‚Ğ¾Ò·Ğ¸ĞºÓ£	1
Thai	Q9217	th	Thai Wikipedia	https://en.wikipedia.org/wiki/Thai_language	th	tha		TH		yes	à¸ à¸²à¸©à¸²à¹„à¸—à¸¢;à¹„à¸—à¸¢	1
Tigrinya	Q34124	ti	Tigrinya Wikipedia	https://en.wikipedia.org/wiki/Tigrinya_language	ti	tir				no	á‰µáŒáˆ­áŠ›;tigrigna	0
Turkmen	Q9267	tk	Turkmen Wikipedia	https://en.wikipedia.org/wiki/Turkmen_language	tk	tuk		TM	AF	no	tÃ¼rkmen;tÃ¼rkmenÃ§e	2
Tagalog	Q34057	tl	Tagalog Wikipedia	https://en.wikipedia.org/wiki/Tagalog_language	tl	tgl				no	wikang tagalog;filipino (pilipinas)	0
Tswana	Q34137	tn	Tswana Wikipedia	https://en.wikipedia.org/wiki/Tswana_language	tn	tsn		BW	ZA	no	setswana	2
Tongan	Q34094	to	Tongan Wikipedia	https://en.wikipedia.org/wiki/Tongan_language	to	ton		TO		yes	lea fakatonga	1
Tok Pisin	Q34159	tpi	Tok Pisin Wikipedia	https://en.wikipedia.org/wiki/Tok_Pisin		tpi		PG		yes	tok pisin	1
Turkish	Q256	tr	Turkish Wikipedia	https://en.wikipedia.org/wiki/Turkish_language	tr	tur		CY;TR		no	tÃ¼rkÃ§e;tÃ¼rkÃ§e lisanÄ±;tÃ¼rkÃ§e dili;tÃ¼rk lisanÄ±;iÌ‡zmir tÃ¼rkÃ§esi;iÌ‡stanbul tÃ¼rkÃ§esi;anadolu tÃ¼rkÃ§esi	2
Tsonga	Q34327	ts	Tsonga Wikipedia	https://en.wikipedia.org/wiki/Tsonga_language	ts	tso			ZA	yes	tsonga;thonga;shangana;shangaan;gwamba	1
Tatar	Q25285	tt	Tatar Wikipedia	https://en.wikipedia.org/wiki/Tatar_language	tt	tat			RU	yes	Ñ‚Ğ°Ñ‚Ğ°Ñ€ Ñ‚ĞµĞ»Ğµ;Ñ‚Ğ°Ñ‚Ğ°Ñ€Ñ‡Ğ°	1
Tumbuka	Q34138	tum	Tumbuka Wikipedia	https://en.wikipedia.org/wiki/Tumbuka_language		tum				no	chitumbuka	0
Twi	Q36850	tw	Twi Wikipedia	https://en.wikipedia.org/wiki/Twi	tw	twi				no	twi;akan (gaana)	0
Tahitian	Q34128	ty	Tahitian Wikipedia	https://en.wikipedia.org/wiki/Tahitian_language	ty	tah		PF		yes	reo tahiti	1
Tuvan	Q34119	tyv	Tuvinian Wikipedia	https://en.wikipedia.org/wiki/Tuvan_language		tyv			RU	yes	tyva dyl;Ñ‚Ñ‹Ğ²Ğ° Ğ´Ñ‹Ğ»	1
Udmurt	Q13238	udm	Udmurt Wikipedia	https://en.wikipedia.org/wiki/Udmurt_language		udm			RU	yes	ÑƒĞ´Ğ¼ÑƒÑ€Ñ‚ ĞºÑ‹Ğ»	1
Uyghur	Q13263	ug	Uyghur Wikipedia	https://en.wikipedia.org/wiki/Uyghur_language	ug	uig			CN	yes	Ø¦Û‡ÙŠØºÛ‡Ø± ØªÙ‰Ù„Ù‰;Ø¦Û‡ÙŠØºÛ‡Ø±Ú†Û•	1
Ukrainian	Q8798	uk	Ukrainian Wikipedia	https://en.wikipedia.org/wiki/Ukrainian_language	uk	ukr		UA	RS	no	ÑƒĞºÑ€Ğ°Ñ—Ğ½ÑÑŒĞºĞ° Ğ¼Ğ¾Ğ²Ğ°;ÑƒĞºÑ€Ğ°Ñ—Ğ½ÑÑŒĞºĞ°	2
Urdu	Q1617	ur	Urdu Wikipedia	https://en.wikipedia.org/wiki/Urdu	ur	urd		PK	IN	no	Ø§Ø±Ø¯Ùˆ;Ø§ÙØ±Ø¯ÙÙˆ	2
Uzbek	Q9264	uz	Uzbek Wikipedia	https://en.wikipedia.org/wiki/Uzbek_language	uz	uzb		UZ	AF	no	oÊ»zbek tili;ÑĞ·Ğ±ĞµĞº Ñ‚Ğ¸Ğ»Ğ¸;Ø¦Û‡Ø²Ø¨ÛÙƒ ØªÛŒÙ„Ù‰;oâ€˜zbek	2
Venda	Q32704	ve	Venda Wikipedia	https://en.wikipedia.org/wiki/Venda_language	ve	ven			ZA	yes	tshivená¸“a	1
Venetian	Q32724	vec	Venetian Wikipedia	https://en.wikipedia.org/wiki/Venetian_language		vec				no	Å‚Ã©ngua vÃ¨neta;vÃ¨netoã€Å‚Ã©ngua vÃ¨neta	0
Veps	Q32747	vep	Veps Wikipedia	https://en.wikipedia.org/wiki/Veps_language		vep				no	vepsÃ¤n kel'	0
Vietnamese	Q9199	vi	Vietnamese Wikipedia	https://en.wikipedia.org/wiki/Vietnamese_language	vi	vie		VN		yes	tiáº¿ng viá»‡t;tiáº¿ng viá»‡t nam;viá»‡t ngá»¯	1
West Flemish	Q100103	vls	West Flemish Wikipedia	https://en.wikipedia.org/wiki/West_Flemish		vls				no	west-vlams	0
VolapÃ¼k	Q36986	vo	VolapÃ¼k Wikipedia	https://en.wikipedia.org/wiki/Volap%C3%BCk	vo	vol				no	volapÃ¼k nulik;volapÃ¼k perevidÃ¶l;volapÃ¼k	0
Walloon	Q34219	wa	Walloon Wikipedia	https://en.wikipedia.org/wiki/Walloon_language	wa	wln				no	walon;lingaedje walon;lingaedje da defrexheux;lingaedje da defrecheux;langue walone	0
Waray language	Q34279	war	Waray Wikipedia	https://en.wikipedia.org/wiki/Waray_language		war			PH	yes	waray-waray;waray-waray language;waray language;samar-leyte visayan;binisaya nga lineyte-samarnon;binisaya lineyte-samarnon	1
Wolof	Q34257	wo	Wolof Wikipedia	https://en.wikipedia.org/wiki/Wolof_language	wo	wol				no	wolof	0
Wu Chinese	Q34290	wuu	Wu Chinese Wikipedia	https://en.wikipedia.org/wiki/Wu_Chinese		wuu				no	å´è¯­;å³åœ°æ–¹è¨€;wuu dialect;wu language	0
Kalmyk Oirat	Q33634	xal	Kalmyk Wikipedia	https://en.wikipedia.org/wiki/Kalmyk_Oirat		xal				no	Ñ…Ğ°Ğ»ÑŒĞ¼Ğ³ ĞºĞµĞ»Ğ½;á¡á  á ¯á¡…á¡á  á¡ á¡˜á¡„á ¯á¡„á ¨	0
Xhosa	Q13218	xh	Xhosa Wikipedia	https://en.wikipedia.org/wiki/Xhosa_language	xh	xho			ZA	yes	isixhosa	1
Mingrelian	Q13359	xmf	Mingrelian Wikipedia	https://en.wikipedia.org/wiki/Mingrelian_language		xmf				no	áƒ›áƒáƒ áƒ’áƒáƒšáƒ£áƒ áƒ˜ áƒœáƒ˜áƒœáƒ	0
Yiddish	Q8641	yi	Yiddish Wikipedia	https://en.wikipedia.org/wiki/Yiddish	yi	yid				no	×™×™×“×™×©;×™×™Ö´×“×™×©	0
Yoruba	Q34311	yo	Yoruba Wikipedia	https://en.wikipedia.org/wiki/Yoruba_language	yo	yor		NG		yes	Ã¨dÃ¨ yorÃ¹bÃ¡;yoruba language;Ã¨dÃ¨e yorÃ¹bÃ¡;edee yoruba;Ã¨dÃ¨ yoruba;ede yoruba	1
Zhuang	Q13216	za	Zhuang Wikipedia	https://en.wikipedia.org/wiki/Zhuang_languages	za	zha			CN	yes	vahcuengh	1
Zeelandic	Q237409	zea	Zeelandic Wikipedia	https://en.wikipedia.org/wiki/Zeelandic		zea				no	zeÃªuws;zeeuws	0
Standard Chinese	Q727694	zh	Chinese Wikipedia	https://en.wikipedia.org/wiki/Standard_Chinese	zh	cmn		CN;SG;TW		no	ç¾ä»£æ¨™æº–æ¼¢èª;ç¾ä»£æ¼¢èª;ä¸­æ–‡	3
Classical Chinese	Q37041	zh-classical	Classical Chinese Wikipedia	https://en.wikipedia.org/wiki/Classical_Chinese		lzh				no	æ–‡è¨€	0
Cantonese	Q9186	zh-yue	Cantonese Wikipedia	https://en.wikipedia.org/wiki/Cantonese		yue				no	ç²µæ–‡;ç²µèª	0
